{"cameraMode":{"drawMode":0,"name":"Shaded","section":"Shading Mode"},"sceneLighting":true,"audioPlay":false,"sceneViewState":{"m_AlwaysRefresh":false,"showFog":true,"showSkybox":true,"showFlares":true,"showImageEffects":true,"showParticleSystems":true,"showVisualEffectGraphs":true,"m_FxEnabled":true},"in2DMode":false,"pivot":{"x":-21.874507904052736,"y":91.70986938476563,"z":-20.472808837890626},"rotation":{"x":-0.11107946187257767,"y":0.0020840298384428026,"z":-0.0002330896386411041,"w":-0.9938103556632996},"size":207.20127868652345,"orthographic":true}