{"cameraMode":{"drawMode":0,"name":"Shaded","section":"Shading Mode"},"sceneLighting":true,"audioPlay":false,"sceneViewState":{"m_AlwaysRefresh":false,"showFog":true,"showSkybox":true,"showFlares":true,"showImageEffects":true,"showParticleSystems":true,"showVisualEffectGraphs":true,"m_FxEnabled":true},"in2DMode":false,"pivot":{"x":8.177192687988282,"y":-10.602386474609375,"z":16.552467346191408},"rotation":{"x":-0.22184203565120698,"y":0.02982921712100506,"z":-0.006789912469685078,"w":-0.9746030569076538},"size":53.169960021972659,"orthographic":false}